{
  "stack_0": {
    "x": 0.5,
    "y": -0.1,
    "z": 0.23
  },
  "stack_1": {
    "x": 0.625,
    "y": -0.225,
    "z": 0.235
  },
  "offset_static": {
    "x": 0.0,
    "y": 0.0,
    "z": 0.0
  },
  "offset_dynamic": {
    "x": 0.0,
    "y": 0.0,
    "z": 0.0
  },
  "world_center": -0.99,
  "dynamic_observation": {
    "roll": -3.1415926536,
    "pitch": 0.0,
    "yaw": -1.5707963268,
    "x": 0.0,
    "y": -0.7,
    "z": 0.4
  },
  "static_observations": [
    {
      "roll": -3.1415926536,
      "pitch": 0.0,
      "yaw": 0.0,
      "x": 0.45,
      "y": 0.18,
      "z": 0.5
    },
    {
      "roll": -3.1415926536,
      "pitch": 0.0,
      "yaw": 0.0,
      "x": 0.55,
      "y": 0.18,
      "z": 0.5
    },
    {
      "roll": -3.1415926536,
      "pitch": 0.0,
      "yaw": 0.0,
      "x": 0.5,
      "y": 0.13,
      "z": 0.5
    },
    {
      "roll": -3.1415926536,
      "pitch": 0.0,
      "yaw": 0.0,
      "x": 0.5,
      "y": 0.22,
      "z": 0.5
    }
  ]
}
